id|title
tt0086879|Amadeus
tt0086960|Beverly Hills Cop
tt0086979|Blood Simple.
tt0087182|Dune
tt0087277|Footloose
tt0087332|Ghostbusters
tt0087363|Gremlins
tt0087469|Indiana Jones and the Temple of Doom
tt0087538|The Karate Kid
tt0087544|Nausicaä of the Valley of the Wind
tt0087800|A Nightmare on Elm Street
tt0087843|Once Upon a Time in America
tt0087884|Paris, Texas
tt0087928|Police Academy
tt0088011|Romancing the Stone
tt0088128|Sixteen Candles
tt0088170|Star Trek III: The Search for Spock
tt0088247|The Terminator
tt0088258|This Is Spinal Tap
tt0088323|The NeverEnding Story
tt0088763|Back to the Future
tt0088846|Brazil
tt0088847|The Breakfast Club
tt0088930|Clue
tt0088939|The Color Purple
tt0088944|Commando
tt0089218|The Goonies
tt0089755|Out of Africa
tt0089881|Ran
tt0089927|Rocky IV
tt0090305|Weird Science
tt0090329|Witness
tt0090555|Crocodile Dundee
tt0090605|Aliens
tt0090728|Big Trouble in Little China
tt0090756|Blue Velvet
tt0090863|The Color of Money
tt0091042|Ferris Bueller's Day Off
tt0091064|The Fly
tt0091203|Highlander
tt0091369|Labyrinth
tt0091605|The Name of the Rose
tt0091763|Platoon
tt0091790|Pretty in Pink
tt0092005|Stand by Me
tt0092007|Star Trek IV: The Voyage Home
tt0092067|Castle in the Sky
tt0092099|Top Gun
tt0092563|Angel Heart
tt0092644|Beverly Hills Cop II
tt0092675|Bloodsport
tt0092890|Dirty Dancing
tt0092965|Empire of the Sun
tt0092991|Evil Dead II
tt0093010|Fatal Attraction
tt0093058|Full Metal Jacket
tt0093105|Good Morning, Vietnam
tt0093177|Hellraiser
tt0093389|The Last Emperor
tt0093409|Lethal Weapon
tt0093428|The Living Daylights
tt0093437|The Lost Boys
tt0093748|Planes, Trains & Automobiles
tt0093773|Predator
tt0093779|The Princess Bride
tt0093822|Raising Arizona
tt0093870|RoboCop
tt0093894|The Running Man
tt0094012|Spaceballs
tt0094226|The Untouchables
tt0094291|Wall Street
tt0094625|Akira
tt0094721|Beetlejuice
tt0094737|Big
tt0094862|Child's Play
tt0094898|Coming to America
tt0095016|Die Hard
tt0095159|A Fish Called Wanda
tt0095327|Grave of the Fireflies
tt0095489|The Land Before Time
tt0095631|Midnight Run
tt0095647|Mississippi Burning
tt0095705|The Naked Gun: From the Files of Police Squad!
tt0095765|Cinema Paradiso
tt0095953|Rain Man
tt0096061|Scrooged
tt0096256|They Live
tt0096283|My Neighbor Totoro
tt0096438|Who Framed Roger Rabbit
tt0096446|Willow
tt0096754|The Abyss
tt0096874|Back to the Future Part II
tt0096895|Batman
tt0096928|Bill & Ted's Excellent Adventure
tt0096969|Born on the Fourth of July
tt0097165|Dead Poets Society
tt0097216|Do the Right Thing
tt0097239|Driving Miss Daisy
tt0097351|Field of Dreams
tt0097428|Ghostbusters II
tt0097441|Glory
tt0097493|Heathers
tt0097576|Indiana Jones and the Last Crusade
tt0097733|Lethal Weapon 2
tt0097742|Licence to Kill
tt0097757|The Little Mermaid
tt0097814|Kiki's Delivery Service
tt0097958|National Lampoon's Christmas Vacation
tt0098084|Pet Sematary
tt0098258|Say Anything...
tt0098554|Uncle Buck
tt0098635|When Harry Met Sally...
tt0099077|Awakenings
tt0099088|Back to the Future Part III
tt0099348|Dances with Wolves
tt0099423|Die Hard 2
tt0099487|Edward Scissorhands
tt0099582|Flatliners
tt0099653|Ghost
tt0099674|The Godfather: Part III
tt0099685|Goodfellas
tt0099785|Home Alone
tt0099810|The Hunt for Red October
tt0099871|Jacob's Ladder
tt0100150|Miller's Crossing
tt0100157|Misery
tt0100263|La Femme Nikita
tt0100405|Pretty Woman
tt0100758|Teenage Mutant Ninja Turtles
tt0100802|Total Recall
tt0100814|Tremors
tt0100935|Wild at Heart
tt0101272|The Addams Family
tt0101393|Backdraft
tt0101410|Barton Fink
tt0101414|Beauty and the Beast
tt0101507|Boyz n the Hood
tt0101540|Cape Fear
tt0101700|Delicatessen
tt0101761|The Doors
tt0101862|Father of the Bride
tt0101889|The Fisher King
tt0102057|Hook
tt0102059|Hot Shots!
tt0102138|JFK
tt0102266|The Last Boy Scout
tt0102492|My Girl
tt0102510|The Naked Gun 2½: The Smell of Fear
tt0102685|Point Break
tt0102798|Robin Hood: Prince of Thieves
tt0102926|The Silence of the Lambs
tt0102975|Star Trek VI: The Undiscovered Country
tt0103064|Terminator 2
tt0103074|Thelma & Louise
tt0103639|Aladdin
tt0103772|Basic Instinct
tt0103776|Batman Returns
tt0103873|Dead Alive
tt0103874|Bram Stoker's Dracula
tt0104070|Death Becomes Her
tt0104257|A Few Good Men
tt0104348|Glengarry Glen Ross
tt0104431|Home Alone 2: Lost in New York
tt0104691|The Last of the Mohicans
tt0104694|A League of Their Own
tt0104714|Lethal Weapon 3
tt0104797|Malcolm X
tt0104952|My Cousin Vinny
tt0105112|Patriot Games
tt0105236|Reservoir Dogs
tt0105323|Scent of a Woman
tt0105665|Twin Peaks: Fire Walk with Me
tt0105690|Under Siege
tt0105695|Unforgiven
tt0105793|Wayne's World
tt0105812|White Men Can't Jump
tt0106220|Addams Family Values
tt0106308|Army of Darkness
tt0106489|A Bronx Tale
tt0106519|Carlito's Way
tt0106611|Cool Runnings
tt0106677|Dazed and Confused
tt0106697|Demolition Man
tt0106856|Falling Down
tt0106918|The Firm
tt0106977|The Fugitive
tt0107048|Groundhog Day
tt0107120|Hocus Pocus
tt0107144|Hot Shots! Part Deux
tt0107206|In the Line of Fire
tt0107207|In the Name of the Father
tt0107290|Jurassic Park
tt0107614|Mrs. Doubtfire
tt0107688|The Nightmare Before Christmas
tt0107798|The Pelican Brief
tt0107808|A Perfect World
tt0107818|Philadelphia
tt0107822|The Piano
tt0107977|Robin Hood: Men in Tights
tt0108037|The Sandlot
tt0108052|Schindler's List
tt0108160|Sleepless in Seattle
tt0108358|Tombstone
tt0108394|Three Colors: Blue
tt0108399|True Romance
tt0108550|What's Eating Gilbert Grape
tt0109040|Ace Ventura: Pet Detective
tt0109444|Clear and Present Danger
tt0109445|Clerks
tt0109506|The Crow
tt0109686|Dumb and Dumber
tt0109707|Ed Wood
tt0109830|Forrest Gump
tt0109831|Four Weddings and a Funeral
tt0110074|The Hudsucker Proxy
tt0110148|Interview with the Vampire: The Vampire Chronicles
tt0110322|Legends of the Fall
tt0110357|The Lion King
tt0110413|Léon: The Professional
tt0110475|The Mask
tt0110478|Maverick
tt0110622|Naked Gun 33 1/3: The Final Insult
tt0110632|Natural Born Killers
tt0110912|Pulp Fiction
tt0111161|The Shawshank Redemption
tt0111257|Speed
tt0111280|Star Trek: Generations
tt0111282|Stargate
tt0111495|Three Colors: Red
tt0111503|True Lies
tt0112384|Apollo 13
tt0112431|Babe
tt0112442|Bad Boys
tt0112461|The Basketball Diaries
tt0112471|Before Sunrise
tt0112573|Braveheart
tt0112579|The Bridges of Madison County
tt0112641|Casino
tt0112682|The City of Lost Children
tt0112697|Clueless
tt0112740|Crimson Tide
tt0112817|Dead Man
tt0112818|Dead Man Walking
tt0112851|Desperado
tt0112864|Die Hard with a Vengeance
tt0113101|Four Rooms
tt0113118|Friday
tt0113161|Get Shorty
tt0113189|GoldenEye
tt0113247|La Haine
tt0113277|Heat
tt0113497|Jumanji
tt0113540|Kids
tt0113568|Ghost in the Shell
tt0113627|Leaving Las Vegas
tt0113749|Mallrats
tt0114069|Outbreak
tt0114148|Pocahontas
tt0114369|Se7en
tt0114388|Sense and Sensibility
tt0114558|Strange Days
tt0114694|Tommy Boy
tt0114709|Toy Story
tt0114746|Twelve Monkeys
tt0114814|The Usual Suspects
tt0114924|While You Were Sleeping
tt0115685|The Birdcage
tt0115734|Bottle Rocket
tt0116209|The English Patient
tt0116282|Fargo
tt0116365|The Frighteners
tt0116367|From Dusk Till Dawn
tt0116483|Happy Gilmore
tt0116583|The Hunchback of Notre Dame
tt0116629|Independence Day
tt0116695|Jerry Maguire
tt0116778|Kingpin
tt0116908|The Long Kiss Goodnight
tt0116922|Lost Highway
tt0117008|Matilda
tt0117060|Mission: Impossible
tt0117318|The People vs. Larry Flynt
tt0117381|Primal Fear
tt0117438|Ransom
tt0117500|The Rock
tt0117509|Romeo + Juliet
tt0117571|Scream
tt0117665|Sleepers
tt0117666|Sling Blade
tt0117731|Star Trek: First Contact
tt0117802|Swingers
tt0117913|A Time to Kill
tt0117951|Trainspotting
tt0118571|Air Force One
tt0118607|Amistad
tt0118617|Anastasia
tt0118655|Austin Powers: International Man of Mystery
tt0118694|In the Mood for Love
tt0118715|The Big Lebowski
tt0118749|Boogie Nights
tt0118799|Life Is Beautiful
tt0118842|Chasing Amy
tt0118880|Con Air
tt0118883|Conspiracy Theory
tt0118884|Contact
tt0118887|Cop Land
tt0118929|Dark City
tt0118971|The Devil's Advocate
tt0119008|Donnie Brasco
tt0119051|The Edge
tt0119081|Event Horizon
tt0119094|Face/Off
tt0119099|Fallen
tt0119116|The Fifth Element
tt0119164|The Full Monty
tt0119174|The Game
tt0119177|Gattaca
tt0119217|Good Will Hunting
tt0119229|Grosse Pointe Blank
tt0119282|Hercules
tt0119396|Jackie Brown
tt0119488|L.A. Confidential
tt0119528|Liar Liar
tt0119567|The Lost World: Jurassic Park
tt0119643|Meet Joe Black
tt0119654|Men in Black
tt0119698|Princess Mononoke
tt0119822|As Good as It Gets
tt0120102|Seven Years in Tibet
tt0120188|Three Kings
tt0120201|Starship Troopers
tt0120338|Titanic
tt0120347|Tomorrow Never Dies
tt0120363|Toy Story 2
tt0120382|The Truman Show
tt0120586|American History X
tt0120587|Antz
tt0120591|Armageddon
tt0120601|Being John Malkovich
tt0120611|Blade
tt0120616|The Mummy
tt0120623|A Bug's Life
tt0120630|Chicken Run
tt0120631|Ever After: A Cinderella Story
tt0120632|City of Angels
tt0120655|Dogma
tt0120657|The 13th Warrior
tt0120660|Enemy of the State
tt0120663|Eyes Wide Shut
tt0120669|Fear and Loathing in Las Vegas
tt0120679|Frida
tt0120681|From Hell
tt0120689|The Green Mile
tt0120735|Lock, Stock and Two Smoking Barrels
tt0120737|The Lord of the Rings: The Fellowship of the Ring
tt0120744|The Man in the Iron Mask
tt0120746|The Mask of Zorro
tt0120762|Mulan
tt0120768|The Negotiator
tt0120780|Out of Sight
tt0120783|The Parent Trap
tt0120784|Payback
tt0120787|A Perfect Murder
tt0120789|Pleasantville
tt0120794|The Prince of Egypt
tt0120804|Resident Evil
tt0120812|Rush Hour
tt0120815|Saving Private Ryan
tt0120855|Tarzan
tt0120863|The Thin Red Line
tt0120873|U.S. Marshals
tt0120885|Wag the Dog
tt0120888|The Wedding Singer
tt0120889|What Dreams May Come
tt0120890|Wild Things
tt0120902|The X Files
tt0120903|X-Men
tt0120907|eXistenZ
tt0120915|Star Wars: Episode I - The Phantom Menace
tt0120917|The Emperor's New Groove
tt0121164|Corpse Bride
tt0121765|Star Wars: Episode II - Attack of the Clones
tt0121766|Star Wars: Episode III - Revenge of the Sith
tt0122151|Lethal Weapon 4
tt0122690|Ronin
tt0122933|Analyze This
tt0123755|Cube
tt0124315|The Cider House Rules
tt0125439|Notting Hill
tt0125664|Man on the Moon
tt0126029|Shrek
tt0126886|Election
tt0127536|Elizabeth
tt0128442|Rounders
tt0128445|Rushmore
tt0128853|You've Got Mail
tt0129167|The Iron Giant
tt0129290|Patch Adams
tt0129387|There's Something About Mary
tt0130827|Run Lola Run
tt0132477|October Sky
tt0133093|The Matrix
tt0133240|Treasure Planet
tt0133751|The Faculty
tt0134119|The Talented Mr. Ripley
tt0134273|8MM
tt0134847|Pitch Black
tt0137363|Arlington Road
tt0137523|Fight Club
tt0138097|Shakespeare in Love
tt0138704|Pi
tt0138749|The Road to El Dorado
tt0139134|Cruel Intentions
tt0139239|Go
tt0139654|Training Day
tt0140352|The Insider
tt0141926|U-571
tt0142688|The Ninth Gate
tt0144084|American Psycho
tt0144117|The Boondock Saints
tt0145487|Spider-Man
tt0145660|Austin Powers: The Spy Who Shagged Me
tt0145681|The Bone Collector
tt0146838|Any Given Sunday
tt0146882|High Fidelity
tt0147612|Happiness
tt0147800|10 Things I Hate About You
tt0151804|Office Space
tt0152930|Taxi
tt0154420|The Celebration
tt0154506|Following
tt0155267|The Thomas Crown Affair
tt0158983|South Park: Bigger, Longer & Uncut
tt0159097|The Virgin Suicides
tt0159365|Cold Mountain
tt0161081|What Lies Beneath
tt0162222|Cast Away
tt0162346|Ghost World
tt0162661|Sleepy Hollow
tt0163651|American Pie
tt0163978|The Beach
tt0164181|Stir of Echoes
tt0165798|Ghost Dog: The Way of the Samurai
tt0166896|The Straight Story
tt0166924|Mulholland Dr.
tt0167190|Hellboy
tt0167260|The Lord of the Rings: The Return of the King
tt0167261|The Lord of the Rings: The Two Towers
tt0167404|The Sixth Sense
tt0168629|Dancer in the Dark
tt0169102|Lagaan: Once Upon a Time in India
tt0169547|American Beauty
tt0171804|Boys Don't Cry
tt0172156|Bad Boys II
tt0172493|Girl, Interrupted
tt0172495|Gladiator
tt0174856|The Hurricane
tt0175880|Magnolia
tt0177789|Galaxy Quest
tt0180093|Requiem for a Dream
tt0181536|Finding Forrester
tt0181689|Minority Report
tt0181865|Traffic
tt0181875|Almost Famous
tt0182789|Bicentennial Man
tt0183505|Me, Myself & Irene
tt0183649|Phone Booth
tt0183790|A Knight's Tale
tt0184894|Shanghai Noon
tt0185125|All About My Mother
tt0186151|Frequency
tt0187078|Gone in Sixty Seconds
tt0187393|The Patriot
tt0187738|Blade II
tt0190138|The Whole Nine Yards
tt0190332|Crouching Tiger, Hidden Dragon
tt0190590|O Brother, Where Art Thou?
tt0195685|Erin Brockovich
tt0195714|Final Destination
tt0196229|Zoolander
tt0198781|Monsters, Inc.
tt0200465|The Bank Job
tt0203009|Moulin Rouge!
tt0203019|Men of Honor
tt0206634|Children of Men
tt0208092|Snatch
tt0209144|Memento
tt0210945|Remember the Titans
tt0211915|Amélie
tt0211933|Awake
tt0212338|Meet the Parents
tt0212720|A.I. Artificial Intelligence
tt0212985|Hannibal
tt0213847|Malèna
tt0215129|Road Trip
tt0215750|Enemy at the Gates
tt0217505|Gangs of New York
tt0217869|Unbreakable
tt0218967|The Family Man
tt0219965|Bandits
tt0221027|Blow
tt0223897|Pay It Forward
tt0227445|The Score
tt0230011|Atlantis: The Lost Empire
tt0230600|The Others
tt0230838|Sweet November
tt0232500|The Fast and the Furious
tt0234215|The Matrix Reloaded
tt0235198|Audition
tt0238380|Equilibrium
tt0240772|Ocean's Eleven
tt0240890|Serendipity
tt0241303|Chocolat
tt0241527|Harry Potter and the Sorcerer's Stone
tt0242653|The Matrix Revolutions
tt0243133|The Man Who Wasn't There
tt0243155|Bridget Jones's Diary
tt0244244|Swordfish
tt0245429|Spirited Away
tt0245574|Y Tu Mamá También
tt0245712|Amores Perros
tt0245844|The Count of Monte Cristo
tt0246578|Donnie Darko
tt0247745|Super Troopers
tt0248667|Ali
tt0249462|Billy Elliot
tt0250258|The Experiment
tt0250797|Unfaithful
tt0251160|John Q
tt0253474|The Pianist
tt0257044|Road to Perdition
tt0257360|About Schmidt
tt0258000|Panic Room
tt0258463|The Bourne Identity
tt0259446|My Big Fat Greek Wedding
tt0259711|Vanilla Sky
tt0261392|Jay and Silent Bob Strike Back
tt0264464|Catch Me If You Can
tt0264472|Changing Lanes
tt0264616|Frailty
tt0265086|Black Hawk Down
tt0265208|The Girl Next Door
tt0265349|The Mothman Prophecies
tt0265459|One Hour Photo
tt0265666|The Royal Tenenbaums
tt0266308|Battle Royale
tt0266543|Finding Nemo
tt0266697|Kill Bill: Vol. 1
tt0266915|Rush Hour 2
tt0266987|Spy Game
tt0268126|Adaptation.
tt0268380|Ice Age
tt0268978|A Beautiful Mind
tt0270288|Confessions of a Dangerous Mind
tt0272020|The Last Castle
tt0272152|K-PAX
tt0272338|Punch-Drunk Love
tt0274558|The Hours
tt0274812|Secretary
tt0275847|Lilo & Stitch
tt0276751|About a Boy
tt0276919|Dogville
tt0277027|I Am Sam
tt0277434|We Were Soldiers
tt0278504|Insomnia
tt0280707|Gosford Park
tt0281358|A Walk to Remember
tt0285742|Monster's Ball
tt0286106|Signs
tt0286112|Shaolin Soccer
tt0286499|Bend It Like Beckham
tt0287467|Talk to Her
tt0289043|28 Days Later...
tt0289765|Red Dragon
tt0289879|The Butterfly Effect
tt0289992|The Life of David Gale
tt0290334|X-Men 2
tt0290673|Irreversible
tt0292506|The Recruit
tt0292963|Before the Devil Knows You're Dead
tt0293508|The Phantom of the Opera
tt0293662|The Transporter
tt0295297|Harry Potter and the Chamber of Secrets
tt0296572|The Chronicles of Riddick
tt0298130|The Ring
tt0298148|Shrek 2
tt0298203|8 Mile
tt0299658|Chicago
tt0299977|Hero
tt0301357|Good Bye Lenin!
tt0302886|Old School
tt0304141|Harry Potter and the Prisoner of Azkaban
tt0304415|Mona Lisa Smile
tt0307901|25th Hour
tt0307987|Bad Santa
tt0308644|Finding Neverland
tt0309698|Identity
tt0309987|The Dreamers
tt0310793|Bowling for Columbine
tt0311113|Master and Commander: The Far Side of the World
tt0311289|Holes
tt0312004|The Curse of the Were-Rabbit
tt0313542|Runaway Jury
tt0314331|Love Actually
tt0314353|Tears of the Sun
tt0315327|Bruce Almighty
tt0315733|21 Grams
tt0315983|House of Sand and Fog
tt0316654|Spider-Man 2
tt0317219|Cars
tt0317248|City of God
tt0317648|Hidalgo
tt0317705|The Incredibles
tt0317740|The Italian Job
tt0317919|Mission: Impossible III
tt0318462|The Motorcycle Diaries
tt0319061|Big Fish
tt0319343|Elf
tt0320661|Kingdom of Heaven
tt0320691|Underworld
tt0322802|Jackass: The Movie
tt0325710|The Last Samurai
tt0325805|Matchstick Men
tt0325980|Pirates of the Caribbean: The Curse of the Black Pearl
tt0327056|Mystic River
tt0327084|Over the Hedge
tt0327597|Coraline
tt0327850|The Rundown
tt0328107|Man on Fire
tt0328538|Thirteen
tt0328880|Brother Bear
tt0329575|Seabiscuit
tt0330373|Harry Potter and the Goblet of Fire
tt0330793|The Punisher
tt0332280|The Notebook
tt0332379|School of Rock
tt0332452|Troy
tt0333766|Garden State
tt0335119|Girl with a Pearl Earring
tt0335266|Lost in Translation
tt0335345|The Passion of the Christ
tt0337741|Something's Gotta Give
tt0337921|Cellular
tt0337978|Live Free or Die Hard
tt0338013|Eternal Sunshine of the Spotless Mind
tt0338095|High Tension
tt0338348|The Polar Express
tt0338564|Infernal Affairs
tt0338751|The Aviator
tt0339291|A Series of Unfortunate Events
tt0340163|Hostage
tt0340377|The Station Agent
tt0340855|Monster
tt0342258|Unleashed
tt0343660|50 First Dates
tt0343737|The Good Shepherd
tt0343818|I, Robot
tt0344510|A Very Long Engagement
tt0345950|The SpongeBob SquarePants Movie
tt0347149|Howl's Moving Castle
tt0348333|Waiting...
tt0349903|Ocean's Twelve
tt0350258|Ray
tt0351283|Madagascar
tt0352248|Cinderella Man
tt0353969|Memories of Murder
tt0354899|The Science of Sleep
tt0356150|EuroTrip
tt0356721|I Heart Huckabees
tt0356910|Mr. & Mrs. Smith
tt0357413|Anchorman: The Legend of Ron Burgundy
tt0358273|Walk the Line
tt0359950|The Secret Life of Walter Mitty
tt0360486|Constantine
tt0360717|King Kong
tt0361596|Fahrenheit 9/11
tt0361748|Inglourious Basterds
tt0361862|The Machinist
tt0362227|The Terminal
tt0362270|The Life Aquatic with Steve Zissou
tt0363163|Downfall
tt0363547|Dawn of the Dead
tt0363589|Elephant
tt0363771|The Chronicles of Narnia: The Lion, the Witch and the Wardrobe
tt0363988|Secret Window
tt0364517|Love Me If You Dare
tt0364569|Oldboy
tt0364725|Dodgeball: A True Underdog Story
tt0365686|Revolver
tt0365737|Syriana
tt0365748|Shaun of the Dead
tt0365830|Tenacious D in The Pick of Destiny
tt0365907|A Walk Among the Tombstones
tt0366548|Happy Feet
tt0366551|Harold & Kumar Go to White Castle
tt0366627|The Jacket
tt0367089|The Squid and the Whale
tt0367110|Swades
tt0367594|Charlie and the Chocolate Factory
tt0368008|The Manchurian Candidate
tt0368447|The Village
tt0368891|National Treasure
tt0368909|Ong-Bak: The Thai Warrior
tt0369339|Collateral
tt0369610|Jurassic World
tt0369702|The Sea Inside
tt0370986|Mysterious Skin
tt0371257|Stay
tt0371724|The Hitchhiker's Guide to the Galaxy
tt0371746|Iron Man
tt0372183|The Bourne Supremacy
tt0372588|Team America: World Police
tt0372784|Batman Begins
tt0373074|Kung Fu Hustle
tt0373469|Kiss Kiss Bang Bang
tt0373889|Harry Potter and the Order of the Phoenix
tt0374546|Spring, Summer, Fall, Winter... and Spring
tt0374900|Napoleon Dynamite
tt0375063|Sideways
tt0375679|Crash
tt0375912|Layer Cake
tt0376541|Closer
tt0376994|X-Men: The Last Stand
tt0377092|Mean Girls
tt0378194|Kill Bill: Vol. 2
tt0379725|Capote
tt0379786|Serenity
tt0380510|The Lovely Bones
tt0381061|Casino Royale
tt0381681|Before Sunset
tt0381849|3:10 to Yuma
tt0382625|The Da Vinci Code
tt0382932|Ratatouille
tt0383028|Synecdoche, New York
tt0383574|Pirates of the Caribbean: Dead Man's Chest
tt0384537|Silent Hill
tt0384680|The Weather Man
tt0384793|Accepted
tt0385002|Green Street Hooligans
tt0385004|House of Flying Daggers
tt0385880|Monster House
tt0386032|Sicko
tt0386117|Where the Wild Things Are
tt0386588|Hitch
tt0387131|The Constant Gardener
tt0387564|Saw
tt0387808|Idiocracy
tt0387898|Caché
tt0388795|Brokeback Mountain
tt0389557|Black Book
tt0389722|30 Days of Night
tt0390384|Primer
tt0390521|Super Size Me
tt0391304|A Lot Like Love
tt0393109|Brick
tt0393162|Coach Carter
tt0395169|Hotel Rwanda
tt0395584|The Devil's Rejects
tt0396171|Perfume: The Story of a Murderer
tt0396269|Wedding Crashers
tt0396555|Meet the Robinsons
tt0397101|The Skeleton Key
tt0397535|Memoirs of a Geisha
tt0397892|Bolt
tt0398017|Derailed
tt0398286|Tangled
tt0398808|Bridge to Terabithia
tt0399146|A History of Violence
tt0399201|The Island
tt0399295|Lord of War
tt0401383|The Diving Bell and the Butterfly
tt0401445|A Good Year
tt0401711|Paris, je t'aime
tt0401729|John Carter
tt0401792|Sin City
tt0401855|Underworld: Evolution
tt0402399|The New World
tt0403702|Youth in Revolt
tt0404032|The Exorcism of Emily Rose
tt0404203|Little Children
tt0404390|Running Scared
tt0405094|The Lives of Others
tt0405159|Million Dollar Baby
tt0405296|A Scanner Darkly
tt0405422|The 40-Year-Old Virgin
tt0405508|Rang De Basanti
tt0406816|The Guardian
tt0407304|War of the Worlds
tt0407887|The Departed
tt0408236|Sweeney Todd: The Demon Barber of Fleet Street
tt0408306|Munich
tt0409459|Watchmen
tt0410297|The Lake House
tt0411477|Hellboy II: The Golden Army
tt0412019|Broken Flowers
tt0414055|Elizabeth: The Golden Age
tt0414387|Pride & Prejudice
tt0414852|District B13
tt0414993|The Fountain
tt0415306|Talladega Nights: The Ballad of Ricky Bobby
tt0416236|The Spiderwick Chronicles
tt0416320|Match Point
tt0416449|300
tt0417741|Harry Potter and the Half-Blood Prince
tt0418279|Transformers
tt0418689|Flags of our Fathers
tt0418763|Jarhead
tt0419887|The Kite Runner
tt0420223|Stranger Than Fiction
tt0421073|Street Kings
tt0421239|Red Eye
tt0421715|The Curious Case of Benjamin Button
tt0423294|Surf's Up
tt0423977|Charlie Bartlett
tt0424095|Flushed Away
tt0424136|Hard Candy
tt0424345|Clerks II
tt0425061|Get Smart
tt0425112|Hot Fuzz
tt0425123|Just Like Heaven
tt0425210|Lucky Number Slevin
tt0425413|Run, Fatboy, Run
tt0426883|Alpha Dog
tt0426931|August Rush
tt0427327|Hairspray
tt0427944|Thank You for Smoking
tt0429493|The A-Team
tt0430105|Four Brothers
tt0430922|Role Models
tt0431197|The Kingdom
tt0431308|P.S. I Love You
tt0432283|Fantastic Mr. Fox
tt0432348|Saw II
tt0433035|Real Steel
tt0433362|Daybreakers
tt0433383|Good Night, and Good Luck.
tt0434409|V for Vendetta
tt0435625|The Descent
tt0435651|The Giver
tt0435761|Toy Story 3
tt0436697|The Queen
tt0438097|Ice Age: The Meltdown
tt0438488|Terminator Salvation
tt0439815|Slither
tt0440963|The Bourne Ultimatum
tt0441773|Kung Fu Panda
tt0441909|Volver
tt0443272|Lincoln
tt0443274|Vantage Point
tt0443453|Borat: Cultural Learnings of America for Make Benefit Glorious Nation of Kazakhstan
tt0443489|Dreamgirls
tt0443543|The Illusionist
tt0443680|The Assassination of Jesse James by the Coward Robert Ford
tt0443706|Zodiac
tt0445922|Across the Universe
tt0446029|Scott Pilgrim vs. the World
tt0446059|Fearless
tt0446755|The Painted Veil
tt0448134|Sunshine
tt0448694|Puss in Boots
tt0449059|Little Miss Sunshine
tt0449088|Pirates of the Caribbean: At World's End
tt0449467|Babel
tt0450188|La Vie en Rose
tt0450232|16 Blocks
tt0450259|Blood Diamond
tt0450385|1408
tt0451079|Horton Hears a Who!
tt0451094|Lady Vengeance
tt0451279|Wonder Woman
tt0452623|Gone Baby Gone
tt0452694|The Time Traveler's Wife
tt0453467|Deja Vu
tt0453562|42
tt0454848|Inside Man
tt0454876|Life of Pi
tt0454921|The Pursuit of Happyness
tt0455407|The Crazies
tt0455590|The Last King of Scotland
tt0455824|Australia
tt0455944|The Equalizer
tt0456554|Grandma's Boy
tt0457430|Pan's Labyrinth
tt0457513|Scoop
tt0457939|The Holiday
tt0458339|Captain America: The First Avenger
tt0458352|The Devil Wears Prada
tt0458481|Sin City: A Dame to Kill For
tt0458525|X-Men Origins: Wolverine
tt0460740|Cashback
tt0460791|The Fall
tt0461770|Enchanted
tt0462322|Grindhouse
tt0462499|Rambo
tt0462504|Rescue Dawn
tt0462538|The Simpsons Movie
tt0462590|Step Up
tt0463854|28 Weeks Later
tt0464141|The Orphanage
tt0465234|National Treasure: Book of Secrets
tt0465538|Michael Clayton
tt0465551|Notes on a Scandal
tt0465602|Shoot 'Em Up
tt0467200|The Other Boleyn Girl
tt0467406|Juno
tt0468489|Half Nelson
tt0468492|The Host
tt0468569|The Dark Knight
tt0469494|There Will Be Blood
tt0470752|Ex Machina
tt0472033|9
tt0472043|Apocalypto
tt0472062|Charlie Wilson's War
tt0472399|The Mechanic
tt0473075|Prince of Persia: The Sands of Time
tt0473705|State of Play
tt0475276|United 93
tt0475394|Smokin' Aces
tt0477080|Unstoppable
tt0477302|Extremely Loud & Incredibly Close
tt0477348|No Country for Old Men
tt0478087|21
tt0478134|In the Valley of Elah
tt0478304|The Tree of Life
tt0478311|Knocked Up
tt0478970|Ant-Man
tt0479143|Rocky Balboa
tt0479884|Crank
tt0479952|Madagascar: Escape 2 Africa
tt0480025|This Is England
tt0480242|Dan in Real Life
tt0480249|I Am Legend
tt0481499|The Croods
tt0481536|Harold & Kumar Escape from Guantanamo Bay
tt0482571|The Prestige
tt0485947|Mr. Nobody
tt0486655|Stardust
tt0486822|Disturbia
tt0488120|Fracture
tt0490204|Reign Over Me
tt0490215|Silence
tt0493430|Jackass Number Two
tt0493464|Wanted
tt0496806|Ocean's Thirteen
tt0497116|An Inconvenient Truth
tt0497465|Vicky Cristina Barcelona
tt0498380|Letters from Iwo Jima
tt0498399|We Own the Night
tt0499448|The Chronicles of Narnia: Prince Caspian
tt0499549|Avatar
tt0756683|The Man from Earth
tt0758752|Love & Other Drugs
tt0758758|Into the Wild
tt0758766|Music and Lyrics
tt0758774|Body of Lies
tt0765010|Brothers
tt0765429|American Gangster
tt0765443|Eastern Promises
tt0770828|Man of Steel
tt0780504|Drive
tt0780521|The Princess and the Frog
tt0780536|In Bruges
tt0780571|Mr. Brooks
tt0783233|Atonement
tt0787475|Hot Rod
tt0790636|Dallas Buyers Club
tt0790724|Jack Reacher
tt0795368|Death at a Funeral
tt0796366|Star Trek
tt0800039|Forgetting Sarah Marshall
tt0800080|The Incredible Hulk
tt0800369|Thor
tt0803096|Warcraft
tt0804461|Death Sentence
tt0804497|It's Kind of a Funny Story
tt0805564|Lars and the Real Girl
tt0808151|Angels & Demons
tt0808279|Funny Games
tt0808417|Persepolis
tt0810819|The Danish Girl
tt0814314|Seven Pounds
tt0816442|The Book Thief
tt0816692|Interstellar
tt0816711|World War Z
tt0817177|Flipped
tt0822832|Marley & Me
tt0822854|Shooter
tt0824747|Changeling
tt0825232|The Bucket List
tt0829482|Superbad
tt0830515|Quantum of Solace
tt0832266|Definitely, Maybe
tt0834001|Underworld: Rise of the Lycans
tt0837562|Hotel Transylvania
tt0838221|The Darjeeling Limited
tt0838283|Step Brothers
tt0840361|The Town
tt0841046|Walk Hard: The Dewey Cox Story
tt0842926|The Kids Are All Right
tt0844471|Cloudy with a Chance of Meatballs
tt0844708|The Last House on the Left
tt0848228|The Avengers
tt0848537|Epic
tt0861689|Blindness
tt0861739|Elite Squad
tt0862846|Sunshine Cleaning
tt0862856|Trick 'r Treat
tt0864761|The Duchess
tt0865556|The Forbidden Kingdom
tt0870111|Frost/Nixon
tt0870984|Antichrist
tt0871510|Chak de! India
tt0876563|Ponyo
tt0878804|The Blind Side
tt0882977|Snitch
tt0884328|The Mist
tt0884732|The Wedding Ringer
tt0887883|Burn After Reading
tt0887912|The Hurt Locker
tt0892318|Letters to Juliet
tt0892769|How to Train Your Dragon
tt0892782|Monsters vs. Aliens
tt0898367|The Road
tt0903624|The Hobbit: An Unexpected Journey
tt0907657|Once
tt0910936|Pineapple Express
tt0910970|WALL·E
tt0914798|The Boy in the Striped Pajamas
tt0914863|Unthinkable
tt0918927|Doubt
tt0926084|Harry Potter and the Deathly Hallows: Part 1
tt0929632|Precious
tt0936501|Taken
tt0942385|Tropic Thunder
tt0945513|Source Code
tt0947798|Black Swan
tt0947810|Green Zone
tt0948470|The Amazing Spider-Man
tt0955308|Robin Hood
tt0959337|Revolutionary Road
tt0963178|The International
tt0964517|The Fighter
tt0970179|Hugo
tt0971209|A Perfect Getaway
tt0974015|Justice League
tt0975645|Hitchcock
tt0976051|The Reader
tt0978762|Mary and Max
tt0981227|Nick and Norah's Infinite Playlist
tt0983193|The Adventures of Tintin
tt0985694|Machete
tt0985699|Valkyrie
tt0986264|Like Stars on Earth
tt0988045|Sherlock Holmes
tt0993842|Hanna
tt0993846|The Wolf of Wall Street
tt0995039|Ghost Town
tt1001526|Megamind
tt1007028|Zack and Miri Make a Porno
tt1010048|Slumdog Millionaire
tt1013752|Fast & Furious
tt1013753|Milk
tt1014759|Alice in Wonderland
tt1019452|A Serious Man
tt1020072|Selma
tt1020530|Eden Lake
tt1022603|500 Days of Summer
tt1023111|Never Back Down
tt1023114|The Way Back
tt1024648|Argo
tt1028528|Death Proof
tt1028532|Hachi: A Dog's Tale
tt1029234|Martyrs
tt1032755|RocknRolla
tt1033575|The Descendants
tt1034303|Defiance
tt1037705|The Book of Eli
tt1038988|[Rec]
tt1041829|The Proposal
tt1045658|Silver Linings Playbook
tt1045772|I Love You Phillip Morris
tt1049413|Up
tt1054606|The Imaginarium of Doctor Parnassus
tt1055292|Life as We Know It
tt1057500|Invictus
tt1059786|Eagle Eye
tt1060277|Cloverfield
tt1063669|The Wave
tt1065073|Boyhood
tt1067106|A Christmas Carol
tt1067583|Water for Elephants
tt1068680|Yes Man
tt1074638|Skyfall
tt1077258|Planet Terror
tt1078588|My Sister's Keeper
tt1080016|Ice Age: Dawn of the Dinosaurs
tt1083452|Eddie the Eagle
tt1086772|Blended
tt1091191|Lone Survivor
tt1091722|Adventureland
tt1092026|Paul
tt1095217|Bad Lieutenant: Port of Call New Orleans
tt1100089|Foxcatcher
tt1104001|TRON: Legacy
tt1109624|Paddington
tt1117385|Felon
tt1119646|The Hangover
tt1120985|Blue Valentine
tt1124035|The Ides of March
tt1125849|The Wrestler
tt1126590|Big Eyes
tt1126618|Morning Glory
tt1127180|Drag Me to Hell
tt1130884|Shutter Island
tt1131729|Pirate Radio
tt1132620|The Girl with the Dragon Tattoo
tt1135503|Julie & Julia
tt1135985|Sex Drive
tt1136608|District 9
tt1139328|The Ghost Writer
tt1139797|Let the Right One In
tt1142977|Frankenweenie
tt1142988|The Ugly Truth
tt1148204|Orphan
tt1149362|The White Ribbon
tt1152836|Public Enemies
tt1155056|I Love You, Man
tt1156398|Zombieland
tt1164999|Biutiful
tt1170358|The Hobbit: The Desolation of Smaug
tt1172049|Demolition
tt1172233|Whip It
tt1172570|Bronson
tt1174732|An Education
tt1178663|Whatever Works
tt1179034|From Paris with Love
tt1179933|10 Cloverfield Lane
tt1182345|Moon
tt1187043|3 Idiots
tt1187064|Triangle
tt1188729|Pandorum
tt1188996|My Name Is Khan
tt1189073|The Skin I Live In
tt1189340|The Lincoln Lawyer
tt1192628|Rango
tt1193138|Up in the Air
tt1194173|The Bourne Legacy
tt1197624|Law Abiding Citizen
tt1201607|Harry Potter and the Deathly Hallows: Part 2
tt1204342|The Muppets
tt1204975|Last Vegas
tt1205489|Gran Torino
tt1206543|Out of the Furnace
tt1210166|Moneyball
tt1210819|The Lone Ranger
tt1211837|Doctor Strange
tt1211956|Escape Plan
tt1212419|Hereafter
tt1212450|Lawless
tt1213663|The World's End
tt1216487|The Girl Who Played with Fire
tt1216492|Leap Year
tt1217209|Brave
tt1219289|Limitless
tt1219342|Legend of the Guardians: The Owls of Ga'Hoole
tt1220719|Ip Man
tt1226273|Edge of Darkness
tt1226753|The Debt
tt1228705|Iron Man 2
tt1228987|Let Me In
tt1229238|Mission: Impossible - Ghost Protocol
tt1229822|Jane Eyre
tt1230414|It's Complicated
tt1231583|Due Date
tt1232829|21 Jump Street
tt1235166|A Prophet
tt1242460|We Need to Talk About Kevin
tt1245112|[Rec] 2
tt1245492|This Is the End
tt1245526|RED
tt1250777|Kick-Ass
tt1255953|Incendies
tt1258197|Exam
tt1259521|The Cabin in the Woods
tt1263670|Crazy Heart
tt1270798|X-Men: First Class
tt1272878|2 Guns
tt1276104|Looper
tt1277953|Madagascar 3: Europe's Most Wanted
tt1282140|Easy A
tt1285016|The Social Network
tt1288558|Evil Dead
tt1289406|Harry Brown
tt1291584|Warrior
tt1298650|Pirates of the Caribbean: On Stranger Tides
tt1300854|Iron Man 3
tt1302011|Kung Fu Panda 2
tt1305806|The Secret in Their Eyes
tt1306980|50/50
tt1307068|Seeking a Friend for the End of the World
tt1315981|A Single Man
tt1318514|Rise of the Planet of the Apes
tt1320253|The Expendables
tt1321870|Gangster Squad
tt1322269|August: Osage County
tt1323594|Despicable Me
tt1327194|The Lucky One
tt1327773|Lee Daniels' The Butler
tt1334260|Never Let Me Go
tt1340138|Terminator Genisys
tt1340800|Tinker Tailor Soldier Spy
tt1341167|Four Lions
tt1343092|The Great Gatsby
tt1343727|Dredd
tt1345836|The Dark Knight Rises
tt1355630|If I Stay
tt1355644|Passengers
tt1355683|Black Mass
tt1371111|Cloud Atlas
tt1371150|This Is Where I Leave You
tt1375666|Inception
tt1385826|The Adjustment Bureau
tt1386588|The Other Guys
tt1386932|Ip Man 2
tt1389137|We Bought a Zoo
tt1390411|In the Heart of the Sea
tt1392170|The Hunger Games
tt1392190|Mad Max: Fury Road
tt1392214|Prisoners
tt1396484|It
tt1398426|Straight Outta Compton
tt1399683|Winter's Bone
tt1401152|Unknown
tt1403865|True Grit
tt1403981|Remember Me
tt1408101|Star Trek: Into Darkness
tt1409024|Men in Black 3
tt1411697|The Hangover Part II
tt1412386|The Best Exotic Marigold Hotel
tt1430132|The Wolverine
tt1431045|Deadpool
tt1433108|Faster
tt1433811|Disconnect
tt1436562|Rio
tt1440292|Submarine
tt1446192|Rise of the Guardians
tt1446714|Prometheus
tt1448755|Killer Elite
tt1450321|Filth
tt1453405|Monsters University
tt1454029|The Help
tt1454468|Gravity
tt1456635|Goon
tt1457767|The Conjuring
tt1458175|The Next Three Days
tt1462758|Buried
tt1465522|Tucker and Dale vs Evil
tt1478338|Bridesmaids
tt1478964|Attack the Block
tt1483013|Oblivion
tt1485796|The Greatest Showman
tt1486834|What If
tt1490017|The Lego Movie
tt1491044|The Iceman
tt1499658|Horrible Bosses
tt1504320|The King's Speech
tt1512235|Super
tt1515091|Sherlock Holmes: A Game of Shadows
tt1524137|Contraband
tt1527186|Melancholia
tt1528071|Horns
tt1532503|Beginners
tt1535108|Elysium
tt1535109|Captain Phillips
tt1540133|The Guard
tt1542344|127 Hours
tt1547234|Premium Rush
tt1549572|Another Earth
tt1555149|Elite Squad: The Enemy Within
tt1560747|The Master
tt1563738|One Day
tt1567609|Get the Gringo
tt1568338|Man on a Ledge
tt1568346|The Girl with the Dragon Tattoo
tt1568911|War Horse
tt1568921|The Secret World of Arrietty
tt1570728|Crazy, Stupid, Love.
tt1571222|A Dangerous Method
tt1587310|Maleficent
tt1588170|I Saw the Devil
tt1588173|Warm Bodies
tt1591095|Insidious
tt1591479|Act of Valor
tt1596343|Fast Five
tt1596363|The Big Short
tt1598778|Contagion
tt1599348|Safe House
tt1600196|The Drop
tt1601913|The Grey
tt1602620|Amour
tt1605630|American Reunion
tt1605717|Frank
tt1605783|Midnight in Paris
tt1606389|The Vow
tt1614989|Headhunters
tt1615065|Savages
tt1615147|Margin Call
tt1616195|J. Edgar
tt1623288|ParaNorman
tt1631867|Edge of Tomorrow
tt1632708|Friends with Benefits
tt1636826|Project X
tt1637688|In Time
tt1637725|Ted
tt1638002|Love, Rosie
tt1638355|The Man from U.N.C.L.E.
tt1645089|Inside Job
tt1646971|How to Train Your Dragon 2
tt1649419|The Impossible
tt1650062|Super 8
tt1650554|Kick-Ass 2
tt1655420|My Week with Marilyn
tt1655441|The Age of Adaline
tt1655442|The Artist
tt1656190|Safe
tt1659337|The Perks of Being a Wallflower
tt1661199|Cinderella
tt1663202|The Revenant
tt1663662|Pacific Rim
tt1666801|The DUFF
tt1667889|Ice Age: Continental Drift
tt1670345|Now You See Me
tt1674771|Entourage
tt1675192|Take Shelter
tt1675434|The Intouchables
tt1682180|Stoker
tt1683526|Detachment
tt1690953|Despicable Me 2
tt1692486|Carnage
tt1702439|Safe Haven
tt1706593|Chronicle
tt1706620|Snowpiercer
tt1707386|Les Misérables
tt1714206|The Spectacular Now
tt1714915|Only Lovers Left Alive
tt1716772|The Inbetweeners Movie
tt1723121|We're the Millers
tt1723811|Shame
tt1726669|Killer Joe
tt1727388|The Way Way Back
tt1731141|Ender's Game
tt1740707|Trollhunter
tt1748122|Moonrise Kingdom
tt1764651|The Expendables 2
tt1772341|Wreck-It Ralph
tt1781769|Anna Karenina
tt1781922|No Escape
tt1790809|Pirates of the Caribbean: Dead Men Tell No Tales
tt1790864|The Maze Runner
tt1790885|Zero Dark Thirty
tt1791528|Inherent Vice
tt1798684|Southpaw
tt1798709|Her
tt1800241|American Hustle
tt1809398|Unbroken
tt1817273|The Place Beyond the Pines
tt1821549|Nebraska
tt1821694|RED 2
tt1823672|Chappie
tt1825683|Black Panther
tt1832382|A Separation
tt1839492|Ruby Sparks
tt1840309|Divergent
tt1840417|The Words
tt1843866|Captain America: The Winter Soldier
tt1853728|Django Unchained
tt1853739|You're Next
tt1855199|End of Watch
tt1856101|Blade Runner 2049
tt1860353|Turbo
tt1860357|Deepwater Horizon
tt1862079|Safety Not Guaranteed
tt1872181|The Amazing Spider-Man 2
tt1872194|The Judge
tt1877832|X-Men: Days of Future Past
tt1878870|The Edge of Seventeen
tt1895587|Spotlight
tt1899353|The Raid: Redemption
tt1905041|Fast & Furious 6
tt1907668|Flight
tt1911644|The Call
tt1911658|Penguins of Madagascar
tt1912398|God Bless America
tt1922777|Sinister
tt1924396|The Best Offer
tt1924429|Trance
tt1924435|Let's Be Cops
tt1931533|Seven Psychopaths
tt1935179|Mud
tt1935859|Miss Peregrine's Home for Peculiar Children
tt1937390|Nymphomaniac: Vol. I
tt1951264|The Hunger Games: Catching Fire
tt1951265|The Hunger Games: Mockingjay - Part 1
tt1951266|The Hunger Games: Mockingjay - Part 2
tt1959563|The Hitman's Bodyguard
tt1964418|Tomorrowland
tt1972571|A Most Wanted Man
tt1972591|King Arthur: Legend of the Sword
tt1979320|Rush
tt1979388|The Good Dinosaur
tt1980929|Begin Again
tt1981115|Thor: The Dark World
tt1981677|Pitch Perfect
tt2005151|War Dogs
tt2015381|Guardians of the Galaxy
tt2017038|All Is Lost
tt2024469|Non-Stop
tt2024544|12 Years a Slave
tt2042568|Inside Llewyn Davis
tt2051879|Europa Report
tt2053463|Side Effects
tt2057392|Eye in the Sky
tt2080374|Steve Jobs
tt2082197|Barfi!
tt2084970|The Imitation Game
tt2096673|Inside Out
tt2101341|Dead Man Down
tt2103281|Dawn of the Planet of the Apes
tt2106476|The Hunt
tt2119532|Hacksaw Ridge
tt2125435|Beasts of the Southern Wild
tt2140373|Saving Mr. Banks
tt2140379|Self/less
tt2140479|The Accountant
tt2170593|St. Vincent
tt2179116|The Kings of Summer
tt2179136|American Sniper
tt2194499|About Time
tt2199571|Run All Night
tt2205697|Stuck in Love
tt2209418|Before Midnight
tt2224026|Home
tt2226417|Insidious: Chapter 2
tt2229499|Don Jon
tt2239822|Valerian and the City of a Thousand Planets
tt2241351|Money Monster
tt2245084|Big Hero 6
tt2250912|Spider-Man: Homecoming
tt2265171|The Raid 2
tt2267968|Kung Fu Panda 3
tt2267998|Gone Girl
tt2277860|Finding Dory
tt2278388|The Grand Budapest Hotel
tt2278871|Blue Is the Warmest Color
tt2283362|Jumanji: Welcome to the Jungle
tt2294449|22 Jump Street
tt2294629|Frozen
tt2302755|Olympus Has Fallen
tt2305051|Wild
tt2310332|The Hobbit: The Battle of the Five Armies
tt2312718|Homefront
tt2316204|Alien: Covenant
tt2316411|Enemy
tt2321549|The Babadook
tt2334649|Fruitvale Station
tt2334873|Blue Jasmine
tt2338151|PK
tt2358891|The Great Beauty
tt2361509|The Intern
tt2369135|Need for Speed
tt2370248|Short Term 12
tt2379713|Spectre
tt2380307|Coco
tt2381111|Brooklyn
tt2381249|Mission: Impossible - Rogue Nation
tt2381941|Focus
tt2382009|Nymphomaniac: Vol. II
tt2388715|Oculus
tt2395427|Avengers: Age of Ultron
tt2397535|Predestination
tt2402927|Carol
tt2404435|The Magnificent Seven
tt2404463|The Heat
tt2406566|Atomic Blonde
tt2431286|Philomena
tt2446980|Joy
tt2488496|Star Wars: The Force Awakens
tt2503944|Burnt
tt2510894|Hotel Transylvania 2
tt2527336|Star Wars: The Last Jedi
tt2543164|Arrival
tt2554274|Crimson Peak
tt2562232|Birdman or (The Unexpected Virtue of Ignorance)
tt2582496|Me and Earl and the Dying Girl
tt2582782|Hell or High Water
tt2582802|Whiplash
tt2582846|The Fault in Our Stars
tt2631186|Baahubali: The Beginning
tt2649554|Midnight Special
tt2660888|Star Trek: Beyond
tt2671706|Fences
tt2674426|Me Before You
tt2692904|Locke
tt2709768|The Secret Life of Pets
tt2713180|Fury
tt2719848|Everest
tt2726560|The Longest Ride
tt2763304|T2 Trainspotting
tt2771200|Beauty and the Beast
tt2788710|The Interview
tt2802144|Kingsman: The Secret Service
tt2820852|Furious 7
tt2866360|Coherence
tt2872718|Nightcrawler
tt2883512|Chef
tt2884206|I Origins
tt2911666|John Wick
tt2948356|Zootopia
tt2975578|The Purge: Anarchy
tt2975590|Batman v Superman: Dawn of Justice
tt2980516|The Theory of Everything
tt2980592|The Guest
tt2980648|The Hundred-Foot Journey
tt3007512|The Water Diviner
tt3011894|Wild Tales
tt3040964|The Jungle Book
tt3063516|Bad Grandpa
tt3065204|The Conjuring 2
tt3072482|Hardcore Henry
tt3076658|Creed
tt3079380|Spy
tt3110958|Now You See Me 2
tt3170832|Room
tt3183660|Fantastic Beasts and Where to Find Them
tt3203606|Trumbo
tt3235888|It Follows
tt3263904|Sully
tt3315342|Logan
tt3316960|Still Alice
tt3322364|Concussion
tt3385516|X-Men: Apocalypse
tt3397884|Sicario
tt3402236|Murder on the Orient Express
tt3416742|What We Do in the Shadows
tt3450958|War for the Planet of the Apes
tt3460252|The Hateful Eight
tt3464902|The Lobster
tt3470600|Sing
tt3488710|The Walk
tt3498820|Captain America: Civil War
tt3501632|Thor: Ragnarok
tt3521164|Moana
tt3531824|Nerve
tt3532216|American Made
tt3544112|Sing Street
tt3553976|Captain Fantastic
tt3569230|Legend
tt3631112|The Girl on the Train
tt3640424|Allied
tt3659388|The Martian
tt3682448|Bridge of Spies
tt3731562|Kong: Skull Island
tt3741834|Lion
tt3748528|Rogue One: A Star Wars Story
tt3774114|Snowden
tt3783958|La La Land
tt3799694|The Nice Guys
tt3850214|Dope
tt3890160|Baby Driver
tt3896198|Guardians of the Galaxy Vol. 2
tt4034228|Manchester by the Sea
tt4034354|Swiss Army Man
tt4062536|Green Room
tt4116284|The LEGO Batman Movie
tt4160708|Don't Breathe
tt4172430|13 Hours
tt4178092|The Gift
tt4196776|Jason Bourne
tt4263482|The Witch
tt4276820|The Founder
tt4302938|Kubo and the Two Strings
tt4425200|John Wick: Chapter 2
tt4481414|Gifted
tt4550098|Nocturnal Animals
tt4572514|Patriots Day
tt4630562|The Fate of the Furious
tt4649466|Kingsman: The Golden Circle
tt4682786|Collateral Beauty
tt4698684|Hunt for the Wilderpeople
tt4846340|Hidden Figures
tt4925292|Lady Bird
tt4972582|Split
tt4975722|Moonlight
tt5013056|Dunkirk
tt5022702|Hush
tt5027774|Three Billboards Outside Ebbing, Missouri
tt5052448|Get Out
tt5074352|Dangal
tt5109784|Mother!
tt5140878|Annabelle: Creation
tt5311514|Your Name
tt5362988|Wind River
tt5439796|Logan Lucky
tt5442430|Life
tt5462602|The Big Sick
tt5580390|The Shape of Water
tt5700672|Train to Busan
tt5726616|Call Me by Your Name
tt5813916|The Mountain II
